Handle,Name,Description,Brand,Type,QuantityStock,Price,PictureUrl,Count of items,
animal-print-hair-band-various-colours,Animal Print Furry Hair Band (Various Colours),"It doesn't need pointing out that this fur is faux, partly because the only creature that would prod",Docblack,Accessories,100,3.95,http://cdn.shopify.com/s/files/1/0028/4062/products/600_DB187_Hair_Band_Silver_Leopard_PrintPS.jpg?1257429506,1,"new Product{Name = ""Animal Print Furry Hair Band (Various Colours)"" , Description =""It doesn't need pointing out that this fur is faux, partly because the only creature that would prod"",Price =3.95 ,PictureUrl =""http://cdn.shopify.com/s/files/1/0028/4062/products/600_DB187_Hair_Band_Silver_Leopard_PrintPS.jpg?1257429506"" ,Brand =""Docblack"" ,Type =""Accessories"" ,QuantityInStock =1 },"
bejewelled-black-diamond-skull-belt-buckle,Bejewelled Black Diamond Skull Belt Buckle ,"Diamonds are a girl's best friend, according to the Marilyn Monroe. Not true. Diamonds like everyone",Docblack,Accessories,99,14.95,http://cdn.shopify.com/s/files/1/0028/4062/products/DB46_SkullBeltBuckle.jpg?1257429506,2,"new Product{Name = ""Bejewelled Black Diamond Skull Belt Buckle "" , Description =""Diamonds are a girl's best friend, according to the Marilyn Monroe. Not true. Diamonds like everyone"",Price =14.95 ,PictureUrl =""http://cdn.shopify.com/s/files/1/0028/4062/products/DB46_SkullBeltBuckle.jpg?1257429506"" ,Brand =""Docblack"" ,Type =""Accessories"" ,QuantityInStock =2 },"
skull-and-cross-belt-buckle,"Belt Buckle - Silver Bulldog ""Boss"" ",Looks like Bruce Springsteen might have a fight on his hands as to who really is 'The Boss'. After a,Docblack,Accessories,100,12.95,http://cdn.shopify.com/s/files/1/0028/4062/products/DB47_BulldogBeltBuckle.jpg?1257429506,3,"new Product{Name = ""Belt Buckle - Silver Bulldog ""Boss"" "" , Description =""Looks like Bruce Springsteen might have a fight on his hands as to who really is 'The Boss'. After a"",Price =12.95 ,PictureUrl =""http://cdn.shopify.com/s/files/1/0028/4062/products/DB47_BulldogBeltBuckle.jpg?1257429506"" ,Brand =""Docblack"" ,Type =""Accessories"" ,QuantityInStock =3 },"
skull-and-cross-gold-and-black-belt-buckle,Belt Buckle - Skull and Cross Gold and Black Adornment,"Featuring the mandatory mixture of skulls and crosses, this buckle is the  perfect way to jazz up on",Docblack,Accessories,100,9.95,http://cdn.shopify.com/s/files/1/0028/4062/products/DB45_CrossBeltBuckle_1.jpg?1257429506,4,"new Product{Name = ""Belt Buckle - Skull and Cross Gold and Black Adornment"" , Description =""Featuring the mandatory mixture of skulls and crosses, this buckle is the  perfect way to jazz up on"",Price =9.95 ,PictureUrl =""http://cdn.shopify.com/s/files/1/0028/4062/products/DB45_CrossBeltBuckle_1.jpg?1257429506"" ,Brand =""Docblack"" ,Type =""Accessories"" ,QuantityInStock =4 },"
zebra-print-bikini, Zebra Print Bikini,"I hear that zebra print swimwear is rather 'in' at the moment, and has been seen on everyone from Ch",Docblack,Bikinis,100,14.99,http://cdn.shopify.com/s/files/1/0028/4062/products/600_DB341_Zebra_Print_Bikini2.jpg?1257429506,1,"new Product{Name = "" Zebra Print Bikini"" , Description =""I hear that zebra print swimwear is rather 'in' at the moment, and has been seen on everyone from Ch"",Price =14.99 ,PictureUrl =""http://cdn.shopify.com/s/files/1/0028/4062/products/600_DB341_Zebra_Print_Bikini2.jpg?1257429506"" ,Brand =""Docblack"" ,Type =""Bikinis"" ,QuantityInStock =1 },"
pink-zebra-print-bikini,Pink Zebra Print Bikini,"This a shade of pink is just on the right side of acid (...pink, I mean, not the drug. That's just a",Docblack,Bikinis,100,14.99,http://cdn.shopify.com/s/files/1/0028/4062/products/600_DB339_Pink_Zebra_Bikini2.jpg?1257429506,2,"new Product{Name = ""Pink Zebra Print Bikini"" , Description =""This a shade of pink is just on the right side of acid (...pink, I mean, not the drug. That's just a"",Price =14.99 ,PictureUrl =""http://cdn.shopify.com/s/files/1/0028/4062/products/600_DB339_Pink_Zebra_Bikini2.jpg?1257429506"" ,Brand =""Docblack"" ,Type =""Bikinis"" ,QuantityInStock =2 },"
purple-zebra-print-bikini,Purple Zebra Print Bikini,"If zebras were this colour in the wild...well, the giraffes would be pretty jealous thats for sure! ",Docblack,Bikinis,99,14.99,http://cdn.shopify.com/s/files/1/0028/4062/products/600_db340_purple_zebra_bikini2.jpg?1257429506,3,"new Product{Name = ""Purple Zebra Print Bikini"" , Description =""If zebras were this colour in the wild...well, the giraffes would be pretty jealous thats for sure! "",Price =14.99 ,PictureUrl =""http://cdn.shopify.com/s/files/1/0028/4062/products/600_db340_purple_zebra_bikini2.jpg?1257429506"" ,Brand =""Docblack"" ,Type =""Bikinis"" ,QuantityInStock =3 },"
skeleton-hand-print-bikini,Skeleton Hand Print Bikini,I hope that skeleton bought her dinner first (not that he would have eaten much of it). I think this,Docblack,Bikinis,99,14.99,http://cdn.shopify.com/s/files/1/0028/4062/products/600_DB344_Skeleton_Hand_Bikini2.jpg?1257429506,4,"new Product{Name = ""Skeleton Hand Print Bikini"" , Description =""I hope that skeleton bought her dinner first (not that he would have eaten much of it). I think this"",Price =14.99 ,PictureUrl =""http://cdn.shopify.com/s/files/1/0028/4062/products/600_DB344_Skeleton_Hand_Bikini2.jpg?1257429506"" ,Brand =""Docblack"" ,Type =""Bikinis"" ,QuantityInStock =4 },"
childrens-black-death-and-friends-t-shirt,Children's Black Death and Friends T-Shirt,Children's black t-shirt featuring Death and all of his buddies. Mr Reaper also seems to be wearing ,Docblack,Children's T-Shirts,99,7.99,http://cdn.shopify.com/s/files/1/0028/4062/products/DB60_kids_reaper_front_full.jpg?1257429506,1,"new Product{Name = ""Children's Black Death and Friends T-Shirt"" , Description =""Children's black t-shirt featuring Death and all of his buddies. Mr Reaper also seems to be wearing "",Price =7.99 ,PictureUrl =""http://cdn.shopify.com/s/files/1/0028/4062/products/DB60_kids_reaper_front_full.jpg?1257429506"" ,Brand =""Docblack"" ,Type =""Children's T-Shirts"" ,QuantityInStock =1 },"
childrens-black-dragon-with-amulet,Children's Black Dragon with Amulet,"It can be hard to find alternative clothing for kids, but look no more! Black children's t-shirt, fe",Docblack,Children's T-Shirts,100,7.99,http://cdn.shopify.com/s/files/1/0028/4062/products/k_jew1a.jpg?1257429506,2,"new Product{Name = ""Children's Black Dragon with Amulet"" , Description =""It can be hard to find alternative clothing for kids, but look no more! Black children's t-shirt, fe"",Price =7.99 ,PictureUrl =""http://cdn.shopify.com/s/files/1/0028/4062/products/k_jew1a.jpg?1257429506"" ,Brand =""Docblack"" ,Type =""Children's T-Shirts"" ,QuantityInStock =2 },"
childrens-black-flaming-dragon-t-shirt,Children's Black Flaming Dragon T Shirt,"Black children's t-shirt featuring a dragon in full flight, and he's all fired up about something (T",Docblack,Children's T-Shirts,100,7.99,http://cdn.shopify.com/s/files/1/0028/4062/products/k_drag1a.jpg?1257429506,3,"new Product{Name = ""Children's Black Flaming Dragon T Shirt"" , Description =""Black children's t-shirt featuring a dragon in full flight, and he's all fired up about something (T"",Price =7.99 ,PictureUrl =""http://cdn.shopify.com/s/files/1/0028/4062/products/k_drag1a.jpg?1257429506"" ,Brand =""Docblack"" ,Type =""Children's T-Shirts"" ,QuantityInStock =3 },"
childrens-black-grim-reaper-t-shirt,Children's Black Grim Reaper T-Shirt,"Children's black t-shirt featuring the Grim Reaper. Very Discworld, and very funky. Also his eye soc",Docblack,Children's T-Shirts,100,7.99,http://cdn.shopify.com/s/files/1/0028/4062/products/db59_kids_death_front_full.jpg?1257429506,4,"new Product{Name = ""Children's Black Grim Reaper T-Shirt"" , Description =""Children's black t-shirt featuring the Grim Reaper. Very Discworld, and very funky. Also his eye soc"",Price =7.99 ,PictureUrl =""http://cdn.shopify.com/s/files/1/0028/4062/products/db59_kids_death_front_full.jpg?1257429506"" ,Brand =""Docblack"" ,Type =""Children's T-Shirts"" ,QuantityInStock =4 },"
black-and-white-animal-print-smock-dress,Black and White Animal Print Smock Dress,This one kind of has a 1960s feel to it. Retrotastic! Another sighting of the lesser spotted zebra l,Docblack,Dresses,100,19.99,http://cdn.shopify.com/s/files/1/0028/4062/products/DB384_Zebra_Leopard_Smock_DressPS.jpg?1257429506,1,"new Product{Name = ""Black and White Animal Print Smock Dress"" , Description =""This one kind of has a 1960s feel to it. Retrotastic! Another sighting of the lesser spotted zebra l"",Price =19.99 ,PictureUrl =""http://cdn.shopify.com/s/files/1/0028/4062/products/DB384_Zebra_Leopard_Smock_DressPS.jpg?1257429506"" ,Brand =""Docblack"" ,Type =""Dresses"" ,QuantityInStock =1 },"
black-and-white-comic-book-strappy-dress,Black and White Comic Book Strappy Dress,For those who found the neon comic book style dress we have on sale elsewhere on the site a tad too ,Docblack,Dresses,100,19.99,http://cdn.shopify.com/s/files/1/0028/4062/products/DB385_Black_White_Comic_Strappy_DressPS.jpg?1257429506,2,"new Product{Name = ""Black and White Comic Book Strappy Dress"" , Description =""For those who found the neon comic book style dress we have on sale elsewhere on the site a tad too "",Price =19.99 ,PictureUrl =""http://cdn.shopify.com/s/files/1/0028/4062/products/DB385_Black_White_Comic_Strappy_DressPS.jpg?1257429506"" ,Brand =""Docblack"" ,Type =""Dresses"" ,QuantityInStock =2 },"
comic-book-print-smock-dress,Comic Book Print Smock Dress,Not a dress for those who wish to blend into the crowd! Fantastic and colourful smock style dress wi,Docblack,Dresses,99,19.99,http://cdn.shopify.com/s/files/1/0028/4062/products/DB381_Comic_Book_Smock_DressPS.jpg?1257429506,3,"new Product{Name = ""Comic Book Print Smock Dress"" , Description =""Not a dress for those who wish to blend into the crowd! Fantastic and colourful smock style dress wi"",Price =19.99 ,PictureUrl =""http://cdn.shopify.com/s/files/1/0028/4062/products/DB381_Comic_Book_Smock_DressPS.jpg?1257429506"" ,Brand =""Docblack"" ,Type =""Dresses"" ,QuantityInStock =3 },"
graffiti-neon-skulls-print-smock-dress,Graffiti Neon Skulls Print Smock Dress,Graffiti paint splatter style neon skull smock style dress. Very funky and hell of a lot less prente,Docblack,Dresses,100,19.99,http://cdn.shopify.com/s/files/1/0028/4062/products/DB382_Neon_Skulls_Smock_DressPS.jpg?1257429506,4,"new Product{Name = ""Graffiti Neon Skulls Print Smock Dress"" , Description =""Graffiti paint splatter style neon skull smock style dress. Very funky and hell of a lot less prente"",Price =19.99 ,PictureUrl =""http://cdn.shopify.com/s/files/1/0028/4062/products/DB382_Neon_Skulls_Smock_DressPS.jpg?1257429506"" ,Brand =""Docblack"" ,Type =""Dresses"" ,QuantityInStock =4 },"
docblack-blue-sandal,Doc Black Blue sandal,"Perfect for summer, these. Croc-esque sandals that are both hard wearing, and comfortable and light ",Docblack,Footwear,100,6.99,http://cdn.shopify.com/s/files/1/0028/4062/products/DB04_BlueMarbledSandals.jpg?1257429506,1,"new Product{Name = ""Doc Black Blue sandal"" , Description =""Perfect for summer, these. Croc-esque sandals that are both hard wearing, and comfortable and light "",Price =6.99 ,PictureUrl =""http://cdn.shopify.com/s/files/1/0028/4062/products/DB04_BlueMarbledSandals.jpg?1257429506"" ,Brand =""Docblack"" ,Type =""Footwear"" ,QuantityInStock =1 },"
docblack-camo-sandal,Doc Black Camo Sandal,"Perfect for summer, these. Croc-esque sandals that are both hard wearing, and comfortable and light ",Docblack,Footwear,100,6.99,http://cdn.shopify.com/s/files/1/0028/4062/products/DB05_CamoMarbledSandals.jpg?1257429506,2,"new Product{Name = ""Doc Black Camo Sandal"" , Description =""Perfect for summer, these. Croc-esque sandals that are both hard wearing, and comfortable and light "",Price =6.99 ,PictureUrl =""http://cdn.shopify.com/s/files/1/0028/4062/products/DB05_CamoMarbledSandals.jpg?1257429506"" ,Brand =""Docblack"" ,Type =""Footwear"" ,QuantityInStock =2 },"
docblack-orange-sandal,Doc Black Orange Sandal,"Perfect for summer, these. Croc-esque sandals that are both hard wearing, and comfortable and light ",Docblack,Footwear,100,6.99,http://cdn.shopify.com/s/files/1/0028/4062/products/DB06_OrangeMarbledSandals.jpg?1257429506,3,"new Product{Name = ""Doc Black Orange Sandal"" , Description =""Perfect for summer, these. Croc-esque sandals that are both hard wearing, and comfortable and light "",Price =6.99 ,PictureUrl =""http://cdn.shopify.com/s/files/1/0028/4062/products/DB06_OrangeMarbledSandals.jpg?1257429506"" ,Brand =""Docblack"" ,Type =""Footwear"" ,QuantityInStock =3 },"
docblack-pink-sandal,Doc Black Pink Sandal,"Perfect for summer, these. Croc-esque sandals that are both hard wearing, and comfortable and light ",Docblack,Footwear,100,6.99,http://cdn.shopify.com/s/files/1/0028/4062/products/DB07_PinkMarbledSandals.jpg?1257429506,4,"new Product{Name = ""Doc Black Pink Sandal"" , Description =""Perfect for summer, these. Croc-esque sandals that are both hard wearing, and comfortable and light "",Price =6.99 ,PictureUrl =""http://cdn.shopify.com/s/files/1/0028/4062/products/DB07_PinkMarbledSandals.jpg?1257429506"" ,Brand =""Docblack"" ,Type =""Footwear"" ,QuantityInStock =4 },"
black-hoodie-with-white-skull-motif,Black Hoodie with White Skull Motif,"Thick black hoody with white skull motif. Very cool, and perfect for festivals (we all know it going",Docblack,Hoodies,100,19.99,http://cdn.shopify.com/s/files/1/0028/4062/products/DB65_BlackhoodyWhiteSkulls.jpg?1257429506,1,"new Product{Name = ""Black Hoodie with White Skull Motif"" , Description =""Thick black hoody with white skull motif. Very cool, and perfect for festivals (we all know it going"",Price =19.99 ,PictureUrl =""http://cdn.shopify.com/s/files/1/0028/4062/products/DB65_BlackhoodyWhiteSkulls.jpg?1257429506"" ,Brand =""Docblack"" ,Type =""Hoodies"" ,QuantityInStock =1 },"
black-hoody-with-green-skull-motif,Black Hoody with Green Skull Motif,"Thick black hoody with green skull motif. Very cool, and perfect for festivals (we all know it going",Docblack,Hoodies,100,19.99,http://cdn.shopify.com/s/files/1/0028/4062/products/db64_blackhoodygreenskulls.jpg?1257429506,2,"new Product{Name = ""Black Hoody with Green Skull Motif"" , Description =""Thick black hoody with green skull motif. Very cool, and perfect for festivals (we all know it going"",Price =19.99 ,PictureUrl =""http://cdn.shopify.com/s/files/1/0028/4062/products/db64_blackhoodygreenskulls.jpg?1257429506"" ,Brand =""Docblack"" ,Type =""Hoodies"" ,QuantityInStock =2 },"
grey-hoody-with-multicoloured-skulls,Grey Hoody with Multicoloured Skulls,"Grey hoody with lovely multicoloured skull motif. Very cool, and perfect for festivals/camping and t",Docblack,Hoodies,100,19.99,http://cdn.shopify.com/s/files/1/0028/4062/products/DB66_grey_multicolour_sxb_full.jpg?1257429506,3,"new Product{Name = ""Grey Hoody with Multicoloured Skulls"" , Description =""Grey hoody with lovely multicoloured skull motif. Very cool, and perfect for festivals/camping and t"",Price =19.99 ,PictureUrl =""http://cdn.shopify.com/s/files/1/0028/4062/products/DB66_grey_multicolour_sxb_full.jpg?1257429506"" ,Brand =""Docblack"" ,Type =""Hoodies"" ,QuantityInStock =3 },"
silver-stars-black-hoody,Silver Star Black Hoody,Lovely thick black zip-up hoodie with pretty silver star pattern. Perfect for festival season (and B,Docblack,Hoodies,100,19.99,http://cdn.shopify.com/s/files/1/0028/4062/products/DB14_SilverStarBlackHoody.jpg?1257429506,4,"new Product{Name = ""Silver Star Black Hoody"" , Description =""Lovely thick black zip-up hoodie with pretty silver star pattern. Perfect for festival season (and B"",Price =19.99 ,PictureUrl =""http://cdn.shopify.com/s/files/1/0028/4062/products/DB14_SilverStarBlackHoody.jpg?1257429506"" ,Brand =""Docblack"" ,Type =""Hoodies"" ,QuantityInStock =4 },"
black-and-white-animal-print-and-mesh-skirt,Black and White Animal Print and Mesh Skirt,"I'm pretty sure there are no purple leopards out there, even though it would be immensely cool, so t",Docblack,Skirts,100,15.75,http://cdn.shopify.com/s/files/1/0028/4062/products/DB401_Zebra_Leopard_Mesh_Skirt2PS.jpg?1257429506,1,"new Product{Name = ""Black and White Animal Print and Mesh Skirt"" , Description =""I'm pretty sure there are no purple leopards out there, even though it would be immensely cool, so t"",Price =15.75 ,PictureUrl =""http://cdn.shopify.com/s/files/1/0028/4062/products/DB401_Zebra_Leopard_Mesh_Skirt2PS.jpg?1257429506"" ,Brand =""Docblack"" ,Type =""Skirts"" ,QuantityInStock =1 },"
black-skirt-with-skull-and-crossbones-and-mesh-overlay,Black Skirt with Skull and Crossbones and Mesh Overlay,"Very funky skirt, with a hint of Victoriana about it (I think it's the mesh). Skull and Crossbones h",Docblack,Skirts,100,15.75,http://cdn.shopify.com/s/files/1/0028/4062/products/DB398_BlackWhite_SkullxBones_Mesh_Skirt2PS.jpg?1257429506,2,"new Product{Name = ""Black Skirt with Skull and Crossbones and Mesh Overlay"" , Description =""Very funky skirt, with a hint of Victoriana about it (I think it's the mesh). Skull and Crossbones h"",Price =15.75 ,PictureUrl =""http://cdn.shopify.com/s/files/1/0028/4062/products/DB398_BlackWhite_SkullxBones_Mesh_Skirt2PS.jpg?1257429506"" ,Brand =""Docblack"" ,Type =""Skirts"" ,QuantityInStock =2 },"
docblack-red-and-black-skirt,Doc Black Red and Black Skirt,"Flattering and versatile skirt. Worn with tights and boots in winter and flip-flops in the summer, g",Docblack,Skirts,100,15.75,http://cdn.shopify.com/s/files/1/0028/4062/products/Red_Skull_Skirt.jpg?1257429506,3,"new Product{Name = ""Doc Black Red and Black Skirt"" , Description =""Flattering and versatile skirt. Worn with tights and boots in winter and flip-flops in the summer, g"",Price =15.75 ,PictureUrl =""http://cdn.shopify.com/s/files/1/0028/4062/products/Red_Skull_Skirt.jpg?1257429506"" ,Brand =""Docblack"" ,Type =""Skirts"" ,QuantityInStock =3 },"
docblack-skirt-white-skull-cross,Doc Black Skirt - Skull and Crossbones,Very cool two-tone skirt with skull and crossbones underskirt and black mesh overlay with spiders an,Docblack,Skirts,100,15.75,http://cdn.shopify.com/s/files/1/0028/4062/products/White_Skull_Skirt.jpg?1257429506,4,"new Product{Name = ""Doc Black Skirt - Skull and Crossbones"" , Description =""Very cool two-tone skirt with skull and crossbones underskirt and black mesh overlay with spiders an"",Price =15.75 ,PictureUrl =""http://cdn.shopify.com/s/files/1/0028/4062/products/White_Skull_Skirt.jpg?1257429506"" ,Brand =""Docblack"" ,Type =""Skirts"" ,QuantityInStock =4 },"
black-cream-striped-polo-shirt,Black and Cream Striped Polo Shirt,"I hear stripes are 'in' this season, but they are every season because stripes always look wicked. (",Docblack,Tops,100,7.99,http://cdn.shopify.com/s/files/1/0028/4062/products/polo_stripe_white_full_1.jpeg?1257429506,1,"new Product{Name = ""Black and Cream Striped Polo Shirt"" , Description =""I hear stripes are 'in' this season, but they are every season because stripes always look wicked. ("",Price =7.99 ,PictureUrl =""http://cdn.shopify.com/s/files/1/0028/4062/products/polo_stripe_white_full_1.jpeg?1257429506"" ,Brand =""Docblack"" ,Type =""Tops"" ,QuantityInStock =1 },"
black-green-striped-long-sleeve-top,Black and Green Striped Long Sleeve Top,"Stripey and magnificent, this black and green top is...well, stripey and magnificent. Gorgeous shade",Docblack,Tops,100,9.99,http://cdn.shopify.com/s/files/1/0028/4062/products/longsleeve_stripe_green_full_1.jpeg?1257429506,2,"new Product{Name = ""Black and Green Striped Long Sleeve Top"" , Description =""Stripey and magnificent, this black and green top is...well, stripey and magnificent. Gorgeous shade"",Price =9.99 ,PictureUrl =""http://cdn.shopify.com/s/files/1/0028/4062/products/longsleeve_stripe_green_full_1.jpeg?1257429506"" ,Brand =""Docblack"" ,Type =""Tops"" ,QuantityInStock =2 },"
black-red-striped-long-sleeve-mesh-top,Black and Red striped Long Sleeve mesh Top,"Very lovely, and with a hint of Freddy Kruger (don't worry, it's a good thing. Kruger is the boy) Bl",Docblack,Tops,100,17.99,http://cdn.shopify.com/s/files/1/0028/4062/products/mesh_stripe_red_front_full_1.jpeg?1257429506,3,"new Product{Name = ""Black and Red striped Long Sleeve mesh Top"" , Description =""Very lovely, and with a hint of Freddy Kruger (don't worry, it's a good thing. Kruger is the boy) Bl"",Price =17.99 ,PictureUrl =""http://cdn.shopify.com/s/files/1/0028/4062/products/mesh_stripe_red_front_full_1.jpeg?1257429506"" ,Brand =""Docblack"" ,Type =""Tops"" ,QuantityInStock =3 },"
black-and-white-striped-polo-shirt,Black and White Striped Polo Shirt,"This actually is different from the other stripey t-shirt listed, as that one was cream and black, a",Docblack,Tops,100,7.99,http://cdn.shopify.com/s/files/1/0028/4062/products/polo_stripe_white_full_2.jpeg?1257429506,4,"new Product{Name = ""Black and White Striped Polo Shirt"" , Description =""This actually is different from the other stripey t-shirt listed, as that one was cream and black, a"",Price =7.99 ,PictureUrl =""http://cdn.shopify.com/s/files/1/0028/4062/products/polo_stripe_white_full_2.jpeg?1257429506"" ,Brand =""Docblack"" ,Type =""Tops"" ,QuantityInStock =4 },"
black-grim-reaper-t-shirt,Black Grim Reaper T-Shirt,"Don't forget, if this guy offers you a chess match, refuse, he's mental good at it. Black t-shirt wi",Docblack,T-shirts,99,11.99,http://cdn.shopify.com/s/files/1/0028/4062/products/death_front_full.jpg?1257429506,1,"new Product{Name = ""Black Grim Reaper T-Shirt"" , Description =""Don't forget, if this guy offers you a chess match, refuse, he's mental good at it. Black t-shirt wi"",Price =11.99 ,PictureUrl =""http://cdn.shopify.com/s/files/1/0028/4062/products/death_front_full.jpg?1257429506"" ,Brand =""Docblack"" ,Type =""T-shirts"" ,QuantityInStock =1 },"
black-hairy-skull-with-eye-patch-t-shirt,Black Hairy Skull with Eye-Patch T-Shirt,Very bad-ass looking pirate like skull dude with a pentagram on his forehead. Could probably use a d,Docblack,T-shirts,99,11.99,http://cdn.shopify.com/s/files/1/0028/4062/products/patch_skull_front_full.jpg?1257429506,2,"new Product{Name = ""Black Hairy Skull with Eye-Patch T-Shirt"" , Description =""Very bad-ass looking pirate like skull dude with a pentagram on his forehead. Could probably use a d"",Price =11.99 ,PictureUrl =""http://cdn.shopify.com/s/files/1/0028/4062/products/patch_skull_front_full.jpg?1257429506"" ,Brand =""Docblack"" ,Type =""T-shirts"" ,QuantityInStock =2 },"
black-pointing-grim-reaper-t-shirt,Black Pointing Grim Reaper T-Shirt,I'm guessing no-one's going to volunteer to be the one to tell the Grim Reaper that it's rude to poi,Docblack,T-shirts,99,11.99,http://cdn.shopify.com/s/files/1/0028/4062/products/pointing_reaper_front_full.jpg?1257429506,3,"new Product{Name = ""Black Pointing Grim Reaper T-Shirt"" , Description =""I'm guessing no-one's going to volunteer to be the one to tell the Grim Reaper that it's rude to poi"",Price =11.99 ,PictureUrl =""http://cdn.shopify.com/s/files/1/0028/4062/products/pointing_reaper_front_full.jpg?1257429506"" ,Brand =""Docblack"" ,Type =""T-shirts"" ,QuantityInStock =3 },"
black-ribcage-made-of-skulls-t-shirt,Black Ribcage made of Skulls T-Shirt,Wouldn't it be weird if this was what our ribcages looked underneath it all? I suppose there are wor,Docblack,T-shirts,99,11.99,http://cdn.shopify.com/s/files/1/0028/4062/products/ribcage_front_full_1.jpg?1257429506,4,"new Product{Name = ""Black Ribcage made of Skulls T-Shirt"" , Description =""Wouldn't it be weird if this was what our ribcages looked underneath it all? I suppose there are wor"",Price =11.99 ,PictureUrl =""http://cdn.shopify.com/s/files/1/0028/4062/products/ribcage_front_full_1.jpg?1257429506"" ,Brand =""Docblack"" ,Type =""T-shirts"" ,QuantityInStock =4 },"
